{"cameraMode":{"drawMode":0,"name":"Shaded","section":"Shading Mode"},"sceneLighting":false,"audioPlay":false,"sceneViewState":{"m_AlwaysRefresh":false,"showFog":true,"showSkybox":false,"showFlares":true,"showImageEffects":true,"showParticleSystems":true,"showVisualEffectGraphs":true,"m_FxEnabled":true},"in2DMode":false,"pivot":{"x":-0.030694663524627687,"y":1.9168801307678223,"z":-0.07689094543457031},"rotation":{"x":-0.17760789394378663,"y":-0.052525296807289126,"z":0.009496157988905907,"w":-0.9826655387878418},"size":2.8593270778656008,"orthographic":false}