{"cameraMode":{"drawMode":0,"name":"Shaded","section":"Shading Mode"},"sceneLighting":false,"audioPlay":false,"sceneViewState":{"m_AlwaysRefresh":false,"showFog":true,"showSkybox":false,"showFlares":true,"showImageEffects":true,"showParticleSystems":true,"showVisualEffectGraphs":true,"m_FxEnabled":true},"in2DMode":false,"pivot":{"x":0.5211260318756104,"y":0.8605108261108398,"z":0.13760268688201905},"rotation":{"x":-0.3565107583999634,"y":-0.4946620762348175,"z":0.23276276886463166,"w":-0.757651686668396},"size":3.4178338050842287,"orthographic":false}