{"cameraMode":{"drawMode":0,"name":"Shaded","section":"Shading Mode"},"sceneLighting":false,"audioPlay":false,"sceneViewState":{"m_AlwaysRefresh":false,"showFog":true,"showSkybox":false,"showFlares":true,"showImageEffects":true,"showParticleSystems":true,"showVisualEffectGraphs":true,"m_FxEnabled":true},"in2DMode":false,"pivot":{"x":-0.004678845405578613,"y":1.1607685089111329,"z":-0.8299117088317871},"rotation":{"x":-0.3562978208065033,"y":0.18788979947566987,"z":-0.0733729898929596,"w":-0.9123589396476746},"size":2.2429184913635256,"orthographic":false}